{"episode_scores": 35.729999201372266, "actor_loss": -4.587081852016392, "critic_loss": 0.018217815049960243, "_timestamp": 1682240307.3691764, "_runtime": 2346.619461297989, "_step": 184, "_wandb": {"runtime": 2346}}