{"acc": 0.9055988417092096, "loss": 0.12067805128083145, "_timestamp": 1680890887.3663132, "_runtime": 6.8465471267700195, "_step": 7, "_wandb": {"runtime": 6}}