{"episode_scores": 15.409999655559659, "actor_loss": -1.5264919549673348, "critic_loss": 0.004031568795296509, "_timestamp": 1682233872.5147278, "_runtime": 3619.4163887500763, "_step": 299, "_wandb": {"runtime": 3618}}