{"episode_scores": 33.10999925993383, "actor_loss": -3.688365770267559, "critic_loss": 0.013641161999044629, "_timestamp": 1682237856.3963654, "_runtime": 3587.8052084445953, "_step": 299, "_wandb": {"runtime": 3587}}