{"episode": 130, "episode_scores": 36.38499918673195, "agent_scores": [36.87999917566776, 36.31999918818474, 35.94999919645488, 35.649999203160405, 37.29999916628003, 36.66999918036163, 35.999999195337296, 37.699999157339334, 37.82999915443361, 36.349999187514186, 33.87999924272299, 36.32999918796122, 34.04999923892319, 38.239999145269394, 33.95999924093485, 34.96999921835959, 37.93999915197492, 38.399999141693115, 37.18999916873872, 36.08999919332564], "actor_loss": -2.9154416169081774, "critic_loss": 0.009657232472814943, "_timestamp": 1682034650.6112902, "_runtime": 1826.2489902973175, "_step": 129, "_wandb": {"runtime": 1825}}