{"episode": 100, "episode_scores": 36.706499179545915, "agent_scores": [37.76999915577471, 37.75999915599823, 34.70999922417104, 34.1599992364645, 35.339999210089445, 37.10999917052686, 38.479999139904976, 36.309999188408256, 37.82999915443361, 32.199999280273914, 38.56999913789332, 38.99999912828207, 35.11999921500683, 38.03999914973974, 38.68999913521111, 36.619999181479216, 34.53999922797084, 35.959999196231365, 38.18999914638698, 37.72999915666878], "actor_loss": -2.2946724975025736, "critic_loss": 0.005665562735338064, "_timestamp": 1682030482.3395228, "_runtime": 1306.3807787895203, "_step": 99, "_wandb": {"runtime": 1304}}