{"episode": 100, "episode_scores": 34.5554992276244, "agent_scores": [36.769999178126454, 37.86999915353954, 28.559999361634254, 35.109999215230346, 36.05999919399619, 33.53999925032258, 34.08999923802912, 30.89999930933118, 34.14999923668802, 27.939999375492334, 37.35999916493893, 37.4899991620332, 30.679999314248562, 37.40999916382134, 36.459999185055494, 34.68999922461808, 36.809999177232385, 36.98999917320907, 37.779999155551195, 30.449999319389462], "actor_loss": -2.2305235834150285, "critic_loss": 0.006148160252320979, "_timestamp": 1682032470.9631624, "_runtime": 1287.605384349823, "_step": 99, "_wandb": {"runtime": 1287}}