{"episode": 1, "episode_scores": 34.88699922021473, "agent_scores": [36.069999193772674, 35.189999213442206, 34.39999923110008, 33.85999924317002, 37.40999916382134, 38.209999145939946, 32.549999272450805, 35.51999920606613, 31.25999930128455, 35.98999919556081, 36.32999918796122, 33.68999924696982, 34.30999923311174, 35.419999208301306, 30.999999307096004, 36.78999917767942, 37.10999917052686, 32.57999927178025, 32.469999274238944, 37.57999916002154], "actor_loss": -2.2546570532090895, "critic_loss": 0.006503360313861133, "_timestamp": 1682032716.9015403, "_runtime": 17.991644382476807, "_step": 0, "_wandb": {"runtime": 17}}